,Node1,Node2
0,DLG4,ABLIM1
1,DLG4,ABR
2,DLG4,ADAM22
3,DLG4,ANKS1
4,DLG4,ANKS1B
5,DLG4,ARC
6,DLG4,ARF3
7,DLG4,ARPC4
8,DLG4,BAIAP2
9,DLG4,BASP1
10,DLG4,BEGAIN
11,DLG4,BTBD11
12,DLG4,CACNG2
13,DLG4,CAMK2A
14,DLG4,CAMK2B
15,DLG4,CAMK2D
16,DLG4,CAND1
17,DLG4,CAPZA2
18,DLG4,CDK5
19,DLG4,CFL1
20,DLG4,CIT
21,DLG4,CLTC
22,DLG4,CLU
23,DLG4,CNP
24,DLG4,CNTN1
25,DLG4,CNTNAP1
26,DLG4,CYFIP1
27,DLG4,CYFIP2
28,DLG4,DIP2B
29,DLG4,DLG1
30,DLG4,DLG2
31,DLG4,DLG3
32,DLG4,DLGAP1
33,DLG4,DLGAP2
34,DLG4,DLGAP3
35,DLG4,DLGAP4
36,DLG4,DSTN
37,DLG4,EEF1A1
38,DLG4,ENO1
39,DLG4,FAM81A
40,DLG4,FRMPD3
41,DLG4,FSCN1
42,DLG4,GDA
43,DLG4,GDI1
44,DLG4,GDI2
45,DLG4,GLUL
46,DLG4,GNAI1
47,DLG4,GNAO1
48,DLG4,GNB1
49,DLG4,GPM6A
50,DLG4,GPR123
51,DLG4,GRIA1
52,DLG4,GRIA2
53,DLG4,GRIA3
54,DLG4,GRIA4
55,DLG4,GRIK2
56,DLG4,GRIK5
57,DLG4,GRIN1
58,DLG4,GRIN2A
59,DLG4,GRIN2B
60,DLG4,GRIN2D
61,DLG4,GRM3
62,DLG4,IQSEC1
63,DLG4,IQSEC2
64,DLG4,KALRN
65,DLG4,KCNA1
66,DLG4,KCNA2
67,DLG4,KCNA3
68,DLG4,KCNA4
69,DLG4,KCNAB1
70,DLG4,KCNAB2
71,DLG4,KCNJ10
72,DLG4,KCNJ16
73,DLG4,KCNJ4
74,DLG4,LGI1
75,DLG4,LRP1
76,DLG4,LRPPRC
77,DLG4,MACF1
78,DLG4,MAPK1
79,DLG4,NBEA
80,DLG4,NCAM1
81,DLG4,NCKAP1
82,DLG4,NEFL
83,DLG4,NETO1
84,DLG4,NLGN2
85,DLG4,NLGN3
86,DLG4,NRXN1
87,DLG4,NSF
88,DLG4,PARK7
89,DLG4,PDE2A
90,DLG4,PGAM5
91,DLG4,PHB2
92,DLG4,PLP1
93,DLG4,PPAP2B
94,DLG4,PPIA
95,DLG4,PPIB
96,DLG4,PPP1CA
97,DLG4,PPP1CB
98,DLG4,PPP2CB
99,DLG4,PPP3CA
100,DLG4,PPP3CB
101,DLG4,PRDX1
102,DLG4,PRDX2
103,DLG4,PRKACB
104,DLG4,PRKCB
105,DLG4,PRRT1
106,DLG4,RAB10
107,DLG4,RAB14
108,DLG4,RAB3B
109,DLG4,RAB3C
110,DLG4,RAC1
111,DLG4,RAP2B
112,DLG4,RASAL1
113,DLG4,ROCK2
114,DLG4,SEPT11
115,DLG4,SEPT5
116,DLG4,SFXN3
117,DLG4,SHANK1
118,DLG4,SHANK2
119,DLG4,SHANK3
120,DLG4,SLC1A2
121,DLG4,SPNB2
122,DLG4,SYNGAP1
123,DLG4,SYNJ1
124,DLG4,SYT1
125,DLG4,TRAF3
126,DLG4,TUBB2B
127,DLG4,TUBB6
128,DLG4,UBA1
129,DLG4,UBE2V1
130,DLG4,UBE2V2
131,DLG4,YWHAB
132,DLG4,YWHAE
133,DLG4,ABLIM1
134,DLG4,ADAM22
135,DLG4,ARGLU1
136,DLG4,ARHGEF26
137,DLG4,CAMK2D
138,DLG4,CNKSR3
139,DLG4,CNTN1
140,DLG4,CNTNAP1
141,DLG4,CTNNB1
142,DLG4,CYFIP1
143,DLG4,DBN1
144,DLG4,DCAF7
145,DLG4,DCX
146,DLG4,DLG1
147,DLG4,DLG2
148,DLG4,DLG3
149,DLG4,DLGAP2
150,DLG4,DLGAP3
151,DLG4,DLGAP4
152,DLG4,DLGAP5
153,DLG4,DPYSL2
154,DLG4,FMR1
155,DLG4,GRIN1
156,DLG4,GRIN2B
157,DLG4,GRIN2D
158,DLG4,INA
159,DLG4,IQSEC1
160,DLG4,IQSEC1
161,DLG4,KIF13B
162,DLG4,KIF2A
163,DLG4,KIF3A
164,DLG4,LRFN1
165,DLG4,MAPK1
166,DLG4,MPP2
167,DLG4,NBEA
168,DLG4,NEDD4L
169,DLG4,PRKACB
170,DLG4,TJAP1
171,DLG4,ABLIM1
172,DLG4,ADAM22
173,DLG4,AGAP2
174,DLG4,ANK3
175,DLG4,ANKS1
176,DLG4,ANKS1B
177,DLG4,ARC
178,DLG4,ARF3
179,DLG4,ARF5
180,DLG4,BAIAP2
181,DLG4,BASP1
182,DLG4,BEGAIN
183,DLG4,BTBD11
184,DLG4,CACNG2
185,DLG4,CAMK2A
186,DLG4,CAMK2B
187,DLG4,CAMK2D
188,DLG4,CAPZA2
189,DLG4,CDK5
190,DLG4,CIT
191,DLG4,CLTC
192,DLG4,CLU
193,DLG4,CNP
194,DLG4,CNTN1
195,DLG4,CNTNAP1
196,DLG4,CYFIP1
197,DLG4,CYFIP2
198,DLG4,DIP2B
199,DLG4,DLG1
200,DLG4,DLG2
201,DLG4,DLG3
202,DLG4,DLGAP1
203,DLG4,DLGAP2
204,DLG4,DLGAP3
205,DLG4,DLGAP4
206,DLG4,DSTN
207,DLG4,EEF1A1
208,DLG4,ENO1
209,DLG4,GDA
210,DLG4,GDI1
211,DLG4,GDI2
212,DLG4,GIT1
213,DLG4,GLUL
214,DLG4,GNAI1
215,DLG4,GNAO1
216,DLG4,GNB1
217,DLG4,GRIA1
218,DLG4,GRIA2
219,DLG4,GRIA3
220,DLG4,GRIK2
221,DLG4,GRIN1
222,DLG4,GRIN2A
223,DLG4,GRIN2B
224,DLG4,GRIN2D
225,DLG4,GRM3
226,DLG4,IQSEC1
227,DLG4,IQSEC2
228,DLG4,KALRN
229,DLG4,KCNA1
230,DLG4,KCNA3
231,DLG4,KCNA4
232,DLG4,KCNAB1
233,DLG4,KCNJ10
234,DLG4,KCNJ16
235,DLG4,KCNJ4
236,DLG4,LGI1
237,DLG4,LRP1
238,DLG4,LRPPRC
239,DLG4,MACF1
240,DLG4,MAPK1
241,DLG4,NBEA
242,DLG4,NCAM1
243,DLG4,NCKAP1
244,DLG4,NEFL
245,DLG4,NETO1
246,DLG4,NLGN2
247,DLG4,NLGN3
248,DLG4,NRXN1
249,DLG4,NSF
250,DLG4,PARK7
251,DLG4,PDE2A
252,DLG4,PGAM5
253,DLG4,PHB2
254,DLG4,PLP1
255,DLG4,PPAP2B
256,DLG4,PPIA
257,DLG4,PPIB
258,DLG4,PPP1CA
259,DLG4,PPP1CB
260,DLG4,PPP1R9B
261,DLG4,PPP3CA
262,DLG4,PPP3CB
263,DLG4,PRKACB
264,DLG4,PRKAR2B
265,DLG4,PRKCB
266,DLG4,PRKCE
267,DLG4,PRKCG
268,DLG4,PTK2
269,DLG4,RAB3B
270,DLG4,RAC1
271,DLG4,RAP2B
272,DLG4,RASAL1
273,DLG4,ROCK2
274,DLG4,SEPT2
275,DLG4,SFXN3
276,DLG4,SHANK1
277,DLG4,SHANK2
278,DLG4,SHANK3
279,DLG4,SORBS2
280,DLG4,SPNB2
281,DLG4,SYNE1
282,DLG4,SYNGAP1
283,DLG4,SYNJ1
284,DLG4,SYT1
285,DLG4,TRAF3
286,DLG4,TUBB2B
287,DLG4,TUBB6
288,DLG4,UBA1
289,DLG4,UBE2V1
290,DLG4,UBE2V2
291,DLG4,YWHAB
292,DLG4,YWHAE
293,DLG4,YWHAG
294,DLG4,ABLIM1
295,DLG4,ADAM22
296,DLG4,AGAP2
297,DLG4,ANK2
298,DLG4,ANK3
299,DLG4,ARF3
300,DLG4,ARF5
301,DLG4,ARHGAP32
302,DLG4,BAI3
303,DLG4,BAIAP2
304,DLG4,BEGAIN
305,DLG4,CAMK2A
306,DLG4,CAMK2B
307,DLG4,CAMK2D
308,DLG4,CAPZA2
309,DLG4,CIT
310,DLG4,CNTN1
311,DLG4,CNTNAP1
312,DLG4,CTNNB1
313,DLG4,CYFIP1
314,DLG4,CYFIP2
315,DLG4,DBN1
316,DLG4,DCX
317,DLG4,DIP2B
318,DLG4,DLG1
319,DLG4,DLG2
320,DLG4,DLG3
321,DLG4,DLGAP2
322,DLG4,DLGAP3
323,DLG4,DLGAP4
324,DLG4,DPYSL2
325,DLG4,DSTN
326,DLG4,GDA
327,DLG4,GIT1
328,DLG4,GNAO1
329,DLG4,GNB1
330,DLG4,GRIA2
331,DLG4,GRIA3
332,DLG4,GRIN1
333,DLG4,GRIN2B
334,DLG4,GRIN2D
335,DLG4,IQGAP2
336,DLG4,IQSEC1
337,DLG4,KCNJ1
338,DLG4,KCNJ4
339,DLG4,KIF2A
340,DLG4,KIF5A
341,DLG4,LGI1
342,DLG4,MACF1
343,DLG4,MAPK1
344,DLG4,NBEA
345,DLG4,NCAM1
346,DLG4,NCKAP1
347,DLG4,NEFH
348,DLG4,NEFL
349,DLG4,NLGN3
350,DLG4,NRXN1
351,DLG4,NSF
352,DLG4,PPIB
353,DLG4,PPP1CA
354,DLG4,PPP1CB
355,DLG4,PPP1R9B
356,DLG4,PPP3CA
357,DLG4,PPP3CB
358,DLG4,PRKACB
359,DLG4,PRKAR2B
360,DLG4,PRKCB
361,DLG4,PRKCE
362,DLG4,PRKCG
363,DLG4,PTK2
364,DLG4,RAC1
365,DLG4,RAP2B
366,DLG4,SHANK1
367,DLG4,SHANK2
368,DLG4,SORBS1
369,DLG4,SORBS2
370,DLG4,SYNE1
371,DLG4,SYNE2
372,DLG4,SYNGAP1
373,DLG4,SYNJ1
374,DLG4,YWHAB
375,DLG4,YWHAE
376,DLG4,YWHAG
377,DLG4,YWHAZ
378,DLGAP1,ABLIM1
379,DLGAP1,ADAM22
380,DLGAP1,AGAP2
381,DLGAP1,ARC
382,DLGAP1,ARF3
383,DLGAP1,ARF5
384,DLGAP1,ARHGAP32
385,DLGAP1,ARHGAP39
386,DLGAP1,ARVCF
387,DLGAP1,BAI2
388,DLGAP1,BAI3
389,DLGAP1,BAIAP2
390,DLGAP1,BEGAIN
391,DLGAP1,BTBD11
392,DLGAP1,CAMK2A
393,DLGAP1,CAMK2B
394,DLGAP1,CAMK2D
395,DLGAP1,CAMK2G
396,DLGAP1,CAPZA2
397,DLGAP1,CASKIN1
398,DLGAP1,CDK5
399,DLGAP1,CIT
400,DLGAP1,CNKSR2
401,DLGAP1,CNTNAP1
402,DLGAP1,CTNNB1
403,DLGAP1,CTNND1
404,DLGAP1,CTNND2
405,DLGAP1,CYFIP1
406,DLGAP1,CYFIP2
407,DLGAP1,CYLD
408,DLGAP1,CYTH3
409,DLGAP1,DAB2IP
410,DLGAP1,DDN
411,DLGAP1,DIAPH1
412,DLGAP1,DLG1
413,DLGAP1,DLG2
414,DLGAP1,DLG3
415,DLGAP1,DLG4
416,DLGAP1,DLGAP2
417,DLGAP1,DLGAP3
418,DLGAP1,DLGAP4
419,DLGAP1,DNAJC6
420,DLGAP1,DNM1
421,DLGAP1,DPYSL2
422,DLGAP1,DSTN
423,DLGAP1,DZANK1
424,DLGAP1,EPB41L1
425,DLGAP1,EPB41L3
426,DLGAP1,ERBB2IP
427,DLGAP1,FARP1
428,DLGAP1,FBXO2
429,DLGAP1,FBXO41
430,DLGAP1,GDI2
431,DLGAP1,GIT1
432,DLGAP1,GLUL
433,DLGAP1,GNB1
434,DLGAP1,GNB2
435,DLGAP1,GNB2L1
436,DLGAP1,GRIA2
437,DLGAP1,GRIA3
438,DLGAP1,GRIN1
439,DLGAP1,GRIN2A
440,DLGAP1,GRIN2B
441,DLGAP1,GRIN2D
442,DLGAP1,GSN
443,DLGAP1,HOMER1
444,DLGAP1,IQGAP2
445,DLGAP1,IQSEC1
446,DLGAP1,IQSEC2
447,DLGAP1,IQSEC3
448,DLGAP1,ITIH4
449,DLGAP1,KALRN
450,DLGAP1,KCNA1
451,DLGAP1,KCNA2
452,DLGAP1,KCNA4
453,DLGAP1,KCNAB1
454,DLGAP1,KCNJ10
455,DLGAP1,KCNJ4
456,DLGAP1,KIF5A
457,DLGAP1,KIF5C
458,DLGAP1,LGI1
459,DLGAP1,LRRC15
460,DLGAP1,LRRC7
461,DLGAP1,LRRTM1
462,DLGAP1,MAPK1
463,DLGAP1,MAPK3
464,DLGAP1,MINK1
465,DLGAP1,MPDZ
466,DLGAP1,MPRIP
467,DLGAP1,NBEA
468,DLGAP1,NCDN
469,DLGAP1,NCKAP1
470,DLGAP1,NEFH
471,DLGAP1,NEFL
472,DLGAP1,NRXN1
473,DLGAP1,PDE4B
474,DLGAP1,PPP1CC
475,DLGAP1,PPP3CA
476,DLGAP1,PPP3CB
477,DLGAP1,PRKCB
478,DLGAP1,PRKCG
479,DLGAP1,PTK2
480,DLGAP1,PURA
481,DLGAP1,RAB1
482,DLGAP1,RAC1
483,DLGAP1,RAP1A
484,DLGAP1,RAPGEF4
485,DLGAP1,RASAL2
486,DLGAP1,SEPT11
487,DLGAP1,SEPT2
488,DLGAP1,SEPT3
489,DLGAP1,SEPT5
490,DLGAP1,SEPT7
491,DLGAP1,SH3KBP1
492,DLGAP1,SHANK1
493,DLGAP1,SHANK2
494,DLGAP1,SHANK3
495,DLGAP1,SKT
496,DLGAP1,SNAP91
497,DLGAP1,SORBS1
498,DLGAP1,SORBS2
499,DLGAP1,SPNA2
500,DLGAP1,SPTBN1
501,DLGAP1,SPTBN2
502,DLGAP1,SYNE1
503,DLGAP1,SYNGAP1
504,DLGAP1,SYNPO
505,DLGAP1,TMEM132B
506,DLGAP1,TNIK
507,DLGAP1,TRIO
508,DLGAP1,UBE2N
509,DLGAP1,UBE2O
510,DLGAP1,WASF1
511,DLGAP1,YWHAB
512,DLGAP1,YWHAE
513,DLGAP1,YWHAG
514,DLGAP1,YWHAH
515,DLGAP1,YWHAQ
516,DLGAP1,YWHAZ
517,DLGAP1,CAPRIN1
518,DLGAP1,CTNNB1
519,DLGAP1,CYFIP1
520,DLGAP1,DLG1
521,DLGAP1,DLG2
522,DLGAP1,DLG3
523,DLGAP1,DLG4
524,DLGAP1,DLGAP2
525,DLGAP1,DLGAP3
526,DLGAP1,DLGAP4
527,DLGAP1,DLGAP5
528,DLGAP1,FMR1
529,DLGAP1,FXR1
530,DLGAP1,GRIN1
531,DLGAP1,GRIN2B
532,DLGAP1,HUWE1
533,DLGAP1,IQSEC1
534,DLGAP1,MAP4K4
535,DLGAP1,NEDD4L
536,DLGAP1,TNIK
537,DLGAP1,USP9X
538,DLGAP1,ABLIM1
539,DLGAP1,ADAM22
540,DLGAP1,AGAP2
541,DLGAP1,ARF3
542,DLGAP1,ARF5
543,DLGAP1,ARHGAP32
544,DLGAP1,ARVCF
545,DLGAP1,BAI3
546,DLGAP1,BAIAP2
547,DLGAP1,CAMK2A
548,DLGAP1,CAMK2B
549,DLGAP1,CAMK2D
550,DLGAP1,CAMK2G
551,DLGAP1,CIT
552,DLGAP1,CNKSR3
553,DLGAP1,CNTNAP1
554,DLGAP1,CTNNB1
555,DLGAP1,CTNND1
556,DLGAP1,CTNND2
557,DLGAP1,CYFIP1
558,DLGAP1,CYFIP2
559,DLGAP1,CYLD
560,DLGAP1,DAB2IP
561,DLGAP1,DIAPH1
562,DLGAP1,DLG1
563,DLGAP1,DLG2
564,DLGAP1,DLG3
565,DLGAP1,DLG4
566,DLGAP1,DLGAP2
567,DLGAP1,DLGAP3
568,DLGAP1,DLGAP4
569,DLGAP1,DNAJC6
570,DLGAP1,DNM1
571,DLGAP1,DPYSL2
572,DLGAP1,DSTN
573,DLGAP1,EPB4.1L1
574,DLGAP1,EPB41L3
575,DLGAP1,GDI2
576,DLGAP1,GIT1
577,DLGAP1,GLUL
578,DLGAP1,GNB1
579,DLGAP1,GNB2
580,DLGAP1,GNB2L1
581,DLGAP1,GRIA2
582,DLGAP1,GRIA3
583,DLGAP1,GRIN1
584,DLGAP1,GRIN2A
585,DLGAP1,GRIN2B
586,DLGAP1,GRIN2D
587,DLGAP1,GSN
588,DLGAP1,HOMER1
589,DLGAP1,HOMER3
590,DLGAP1,IQGAP2
591,DLGAP1,IQSEC1
592,DLGAP1,IQSEC2
593,DLGAP1,IQSEC3
594,DLGAP1,KCNAB1
595,DLGAP1,KCNJ1
596,DLGAP1,KCNJ4
597,DLGAP1,KIF5A
598,DLGAP1,KIF5C
599,DLGAP1,LGI1
600,DLGAP1,LRRC7
601,DLGAP1,MAP4K4
602,DLGAP1,MAPK1
603,DLGAP1,MINK1
604,DLGAP1,NBEA
605,DLGAP1,NCDN
606,DLGAP1,NCKAP1
607,DLGAP1,NEFH
608,DLGAP1,NEFL
609,DLGAP1,PPP1CA
610,DLGAP1,PPP3CA
611,DLGAP1,PPP6C
612,DLGAP1,PRKCB
613,DLGAP1,PRKCG
614,DLGAP1,PTK2
615,DLGAP1,PURA
616,DLGAP1,RAB1
617,DLGAP1,RAC1
618,DLGAP1,RAP1A
619,DLGAP1,RAPGEF4
620,DLGAP1,RASAL2
621,DLGAP1,SH3KBP1
622,DLGAP1,SHANK1
623,DLGAP1,SHANK2
624,DLGAP1,SHANK3
625,DLGAP1,SKT
626,DLGAP1,SNAP91
627,DLGAP1,SORBS1
628,DLGAP1,SORBS2
629,DLGAP1,SPNA2
630,DLGAP1,SPTBN1
631,DLGAP1,SPTBN2
632,DLGAP1,SYNE1
633,DLGAP1,SYNGAP1
634,DLGAP1,SYNPO
635,DLGAP1,TNIK
636,DLGAP1,TRIO
637,DLGAP1,UBE2N
638,DLGAP1,UBE2O
639,DLGAP1,WASF1
640,DLGAP1,YWHAB
641,DLGAP1,YWHAE
642,DLGAP1,YWHAG
643,DLGAP1,YWHAH
644,DLGAP1,YWHAQ
645,DLGAP1,YWHAZ
646,DLGAP1,ABLIM1
647,DLGAP1,ADAM22
648,DLGAP1,AGAP2
649,DLGAP1,ARF3
650,DLGAP1,ARF5
651,DLGAP1,ARHGAP32
652,DLGAP1,ARVCF
653,DLGAP1,BAI3
654,DLGAP1,BAIAP2
655,DLGAP1,CAMK2A
656,DLGAP1,CAMK2B
657,DLGAP1,CAMK2D
658,DLGAP1,CAMK2G
659,DLGAP1,CASK
660,DLGAP1,CNKSR3
661,DLGAP1,CNTNAP1
662,DLGAP1,CTNNB1
663,DLGAP1,CYFIP1
664,DLGAP1,DBN1
665,DLGAP1,DCX
666,DLGAP1,DLG1
667,DLGAP1,DLG2
668,DLGAP1,DLG3
669,DLGAP1,DLG4
670,DLGAP1,DLGAP2
671,DLGAP1,DLGAP3
672,DLGAP1,DLGAP4
673,DLGAP1,DNM1
674,DLGAP1,DPYSL2
675,DLGAP1,DSTN
676,DLGAP1,EPB4.1L1
677,DLGAP1,EPB41L3
678,DLGAP1,GIT1
679,DLGAP1,GLUL
680,DLGAP1,GNB1
681,DLGAP1,GNB2
682,DLGAP1,GNB2L1
683,DLGAP1,GRIA2
684,DLGAP1,GRIN1
685,DLGAP1,GRIN2B
686,DLGAP1,GRIN2D
687,DLGAP1,GSN
688,DLGAP1,HOMER1
689,DLGAP1,HOMER3
690,DLGAP1,IQGAP2
691,DLGAP1,IQSEC1
692,DLGAP1,KCNJ1
693,DLGAP1,KIF2A
694,DLGAP1,KIF5A
695,DLGAP1,KIF5C
696,DLGAP1,LGI1
697,DLGAP1,LRRC7
698,DLGAP1,MAP4K4
699,DLGAP1,MAPK1
700,DLGAP1,NBEA
701,DLGAP1,NCDN
702,DLGAP1,NCKAP1
703,DLGAP1,NEFH
704,DLGAP1,NEFL
705,DLGAP1,PPP1CA
706,DLGAP1,PPP3CA
707,DLGAP1,PPP6C
708,DLGAP1,PRKCB
709,DLGAP1,PRKCG
710,DLGAP1,PTK2
711,DLGAP1,PURA
712,DLGAP1,RAB1
713,DLGAP1,RAC1
714,DLGAP1,RAP1A
715,DLGAP1,RAPGEF4
716,DLGAP1,SH3KBP1
717,DLGAP1,SHANK1
718,DLGAP1,SHANK2
719,DLGAP1,SHANK3
720,DLGAP1,SKT
721,DLGAP1,SNAP91
722,DLGAP1,SORBS1
723,DLGAP1,SORBS2
724,DLGAP1,SPNA2
725,DLGAP1,SPTBN1
726,DLGAP1,SPTBN2
727,DLGAP1,SYNE1
728,DLGAP1,SYNGAP1
729,DLGAP1,SYNPO
730,DLGAP1,TNIK
731,DLGAP1,TRIO
732,DLGAP1,UBE2N
733,DLGAP1,UBE2O
734,DLGAP1,WASF1
735,DLGAP1,YWHAB
736,DLGAP1,YWHAE
737,DLGAP1,YWHAG
738,DLGAP1,YWHAH
739,DLGAP1,YWHAQ
740,DLGAP1,YWHAZ
741,SHANK3,ABI1
742,SHANK3,AGAP2
743,SHANK3,ANK2
744,SHANK3,ANK3
745,SHANK3,ANKS1B
746,SHANK3,ARF3
747,SHANK3,BAIAP2
748,SHANK3,BASP1
749,SHANK3,CAMK2A
750,SHANK3,CAMK2B
751,SHANK3,CAMK2D
752,SHANK3,CAMK2G
753,SHANK3,CAPZA2
754,SHANK3,CASKIN1
755,SHANK3,CIT
756,SHANK3,CKAP5
757,SHANK3,CNTN1
758,SHANK3,CNTNAP1
759,SHANK3,CTTNBP2
760,SHANK3,CUL3
761,SHANK3,CYFIP1
762,SHANK3,CYFIP2
763,SHANK3,CYLD
764,SHANK3,DCLK1
765,SHANK3,DCTN1
766,SHANK3,DLG1
767,SHANK3,DLG2
768,SHANK3,DLG4
769,SHANK3,DLGAP1
770,SHANK3,DLGAP2
771,SHANK3,DLGAP3
772,SHANK3,DLGAP4
773,SHANK3,DNM1
774,SHANK3,DRG2
775,SHANK3,DYNC1H1
776,SHANK3,EPB41L3
777,SHANK3,ERC2
778,SHANK3,FBXO41
779,SHANK3,GLUL
780,SHANK3,GNB1
781,SHANK3,GRIN1
782,SHANK3,GRIN2A
783,SHANK3,GRIN2B
784,SHANK3,GRM3
785,SHANK3,GSK3B
786,SHANK3,HCN1
787,SHANK3,HCN2
788,SHANK3,HOMER1
789,SHANK3,HOMER2
790,SHANK3,HOMER3
791,SHANK3,INA
792,SHANK3,IQSEC1
793,SHANK3,IQSEC2
794,SHANK3,ITIH1
795,SHANK3,KALRN
796,SHANK3,KIF5C
797,SHANK3,LRRC7
798,SHANK3,MACF1
799,SHANK3,MAP3K5
800,SHANK3,MPP2
801,SHANK3,MYO5A
802,SHANK3,NCAN
803,SHANK3,NCDN
804,SHANK3,NCKAP1
805,SHANK3,NEFL
806,SHANK3,NEFM
807,SHANK3,NFASC
808,SHANK3,PLCB1
809,SHANK3,PPIA
810,SHANK3,PPP1CC
811,SHANK3,PPP1R7
812,SHANK3,PPP1R9A
813,SHANK3,PPP3CA
814,SHANK3,PPP6R1
815,SHANK3,PRKCA
816,SHANK3,PRKCB
817,SHANK3,PRKCE
818,SHANK3,PRKCG
819,SHANK3,RAC1
820,SHANK3,RAPGEF2
821,SHANK3,RAPGEF4
822,SHANK3,ROCK2
823,SHANK3,RPS6KA2
824,SHANK3,SEPT3
825,SHANK3,SEPT7
826,SHANK3,SHANK1
827,SHANK3,SHANK2
828,SHANK3,SIRPA
829,SHANK3,SLK
830,SHANK3,SNAP91
831,SHANK3,SPNA2
832,SHANK3,SPNB4
833,SHANK3,SPTBN1
834,SHANK3,SPTBN2
835,SHANK3,SYNGAP1
836,SHANK3,SYNPO
837,SHANK3,TAOK2
838,SHANK3,TLN2
839,SHANK3,TNIK
840,SHANK3,TNR
841,SHANK3,TPPP
842,SHANK3,UBA1
843,SHANK3,WASF1
844,SHANK3,YWHAB
845,SHANK3,YWHAE
846,SHANK3,YWHAG
847,SHANK3,YWHAZ
848,SHANK3,ABI2
849,SHANK3,ANKRD28
850,SHANK3,BAIAP2
851,SHANK3,CAMK2B
852,SHANK3,CYFIP2
853,SHANK3,DBN1
854,SHANK3,DCLK1
855,SHANK3,EPB41L1
856,SHANK3,FAM171A2
857,SHANK3,FXR1
858,SHANK3,GSK3B
859,SHANK3,HECW1
860,SHANK3,HOMER1
861,SHANK3,HOMER2
862,SHANK3,HOMER3
863,SHANK3,IGF2R
864,SHANK3,INA
865,SHANK3,KIF15
866,SHANK3,KIF3B
867,SHANK3,KIF7
868,SHANK3,LMTK3
869,SHANK3,LRRC7
870,SHANK3,MAP4K4
871,SHANK3,MDK
872,SHANK3,NES
873,SHANK3,NF1
874,SHANK3,PDE4DIP
875,SHANK3,PFN2
876,SHANK3,PIP4K2C
877,SHANK3,PPP1R9A
878,SHANK3,PPP6C
879,SHANK3,PPP6R1
880,SHANK3,PPP6R2
881,SHANK3,SH3BP5
882,SHANK3,SH3PXD2B
883,SHANK3,SHANK1
884,SHANK3,SHANK2
885,SHANK3,SLC7A3
886,SHANK3,SOGA3
887,SHANK3,SPATA13
888,SHANK3,SPATA20
889,SHANK3,TNIK
890,SHANK3,TRIM28
891,SHANK3,WASF1
892,SHANK3,WASF2
893,SHANK3,WBP11
894,SHANK3,ZFP263
895,SHANK3,ZNF318
896,SHANK3,ABI1
897,SHANK3,AGAP2
898,SHANK3,ANK2
899,SHANK3,ANK3
900,SHANK3,ANKS1B
901,SHANK3,ARF3
902,SHANK3,BAIAP2
903,SHANK3,BASP1
904,SHANK3,CAMK2A
905,SHANK3,CAMK2B
906,SHANK3,CAMK2D
907,SHANK3,CAMK2G
908,SHANK3,CASKIN1
909,SHANK3,CIT
910,SHANK3,CNTN1
911,SHANK3,CNTNAP1
912,SHANK3,CSNK2A1
913,SHANK3,CTTNBP2
914,SHANK3,CYFIP2
915,SHANK3,DCLK1
916,SHANK3,DLG1
917,SHANK3,DLG2
918,SHANK3,DLG4
919,SHANK3,DLGAP1
920,SHANK3,DLGAP2
921,SHANK3,DLGAP3
922,SHANK3,DLGAP4
923,SHANK3,DNM1
924,SHANK3,DYNC1H1
925,SHANK3,EPB41L1
926,SHANK3,EPB41L3
927,SHANK3,ERC2
928,SHANK3,GNB1
929,SHANK3,GRIN1
930,SHANK3,GRIN2A
931,SHANK3,GRIN2B
932,SHANK3,GRM3
933,SHANK3,GRM5
934,SHANK3,GSK3B
935,SHANK3,HCN1
936,SHANK3,HCN2
937,SHANK3,HOMER1
938,SHANK3,HOMER2
939,SHANK3,HOMER3
940,SHANK3,INA
941,SHANK3,IQSEC1
942,SHANK3,IQSEC2
943,SHANK3,KALRN
944,SHANK3,KIF21A
945,SHANK3,KIF5C
946,SHANK3,LRRC7
947,SHANK3,MACF1
948,SHANK3,MAP2K4
949,SHANK3,MAP3K5
950,SHANK3,MAPK1
951,SHANK3,MAPK3
952,SHANK3,MPP2
953,SHANK3,MYO5A
954,SHANK3,NCKAP1
955,SHANK3,NEFL
956,SHANK3,NEFM
957,SHANK3,NFASC
958,SHANK3,NRCAM
959,SHANK3,PLCB1
960,SHANK3,PPIA
961,SHANK3,PPP1CC
962,SHANK3,PPP1R9A
963,SHANK3,PPP3CA
964,SHANK3,PPP3CB
965,SHANK3,PRKCA
966,SHANK3,PRKCB
967,SHANK3,PRKCE
968,SHANK3,PRKCG
969,SHANK3,RAC1
970,SHANK3,RAP1A
971,SHANK3,RAPGEF2
972,SHANK3,RAPGEF4
973,SHANK3,ROCK2
974,SHANK3,RPS6KA2
975,SHANK3,SEPT3
976,SHANK3,SEPT7
977,SHANK3,SHANK1
978,SHANK3,SHANK2
979,SHANK3,SIRPA
980,SHANK3,SLK
981,SHANK3,SNAP91
982,SHANK3,SPNA2
983,SHANK3,SPNB4
984,SHANK3,SPTBN1
985,SHANK3,SPTBN2
986,SHANK3,SRC
987,SHANK3,SYNGAP1
988,SHANK3,SYNPO
989,SHANK3,TAOK2
990,SHANK3,TLN2
991,SHANK3,TNIK
992,SHANK3,TNR
993,SHANK3,TPPP
994,SHANK3,TRAF3IP1
995,SHANK3,WASF1
996,SHANK3,YWHAB
997,SHANK3,YWHAE
998,SHANK3,YWHAG
999,SHANK3,YWHAZ
1000,SHANK3,ABI1
1001,SHANK3,AGAP2
1002,SHANK3,ANK2
1003,SHANK3,ANK3
1004,SHANK3,BAIAP2
1005,SHANK3,CAMK2A
1006,SHANK3,CAMK2B
1007,SHANK3,CAMK2G
1008,SHANK3,CDC42BPB
1009,SHANK3,CIT
1010,SHANK3,CSNK2A1
1011,SHANK3,CYFIP2
1012,SHANK3,DBN1
1013,SHANK3,DCLK1
1014,SHANK3,DLG1
1015,SHANK3,DLG2
1016,SHANK3,DLG4
1017,SHANK3,DLGAP2
1018,SHANK3,DLGAP3
1019,SHANK3,DLGAP4
1020,SHANK3,DNM1
1021,SHANK3,DYNC1H1
1022,SHANK3,EPB41L1
1023,SHANK3,GNB1
1024,SHANK3,GRIN1
1025,SHANK3,GRIN2B
1026,SHANK3,GRM2
1027,SHANK3,GRM5
1028,SHANK3,GSK3B
1029,SHANK3,HECW1
1030,SHANK3,HOMER1
1031,SHANK3,HOMER2
1032,SHANK3,HOMER3
1033,SHANK3,INA
1034,SHANK3,IQSEC1
1035,SHANK3,KALRN
1036,SHANK3,KIF15
1037,SHANK3,KIF21A
1038,SHANK3,KIF7
1039,SHANK3,LMTK3
1040,SHANK3,LRRC7
1041,SHANK3,MACF1
1042,SHANK3,MAP2K4
1043,SHANK3,MAP3K5
1044,SHANK3,MAP4K4
1045,SHANK3,MAPK1
1046,SHANK3,MPP2
1047,SHANK3,NCKAP1
1048,SHANK3,NEDD4
1049,SHANK3,NEDD4L
1050,SHANK3,NEFL
1051,SHANK3,NEFM
1052,SHANK3,NFASC
1053,SHANK3,NRCAM
1054,SHANK3,PIP4K2C
1055,SHANK3,PLCB1
1056,SHANK3,PPIA
1057,SHANK3,PPP1CC
1058,SHANK3,PPP1R9A
1059,SHANK3,PPP3CA
1060,SHANK3,PRKCE
1061,SHANK3,PRKCG
1062,SHANK3,RAC1
1063,SHANK3,RAP1A
1064,SHANK3,SH3PXD2B
1065,SHANK3,SHANK1
1066,SHANK3,SHANK2
1067,SHANK3,SLC7A3
1068,SHANK3,SPTBN1
1069,SHANK3,SPTBN2
1070,SHANK3,TAOK2
1071,SHANK3,TLN2
1072,SHANK3,TNIK
1073,SHANK3,TRAF3IP1
1074,SHANK3,WASF1
1075,SHANK3,YWHAB
1076,SHANK3,YWHAE
1077,SHANK3,YWHAG
1078,SHANK3,YWHAZ
1079,SHANK3,ZFP263
1080,SHANK3,ZNF318
0,CNKSR2,ARHGAP39
1,CNKSR2,ARHGEF7
2,CNKSR2,CAMK2A
3,CNKSR2,CAMK2B
4,CNKSR2,CAPRIN1
5,CNKSR2,CSNK2A1
6,CNKSR2,CYTH1
7,CNKSR2,CYTH2
8,CNKSR2,CYTH3
9,CNKSR2,DLG3
10,CNKSR2,GIT1
11,CNKSR2,GLUL
12,CNKSR2,GNAO1
13,CNKSR2,GNB1
14,CNKSR2,GRM4
15,CNKSR2,INA
16,CNKSR2,IQSEC1
17,CNKSR2,LRIG2
18,CNKSR2,MINK1
19,CNKSR2,NEFL
20,CNKSR2,PARK7
21,CNKSR2,PARN
22,CNKSR2,PGK1
23,CNKSR2,PRKACB
24,CNKSR2,PRKCG
25,CNKSR2,RHEB
26,CNKSR2,SPNA2
27,CNKSR2,SPTBN1
28,CNKSR2,SPTBN2
29,CNKSR2,SYT1
30,CNKSR2,TNIK
31,CNKSR2,TNR
32,CNKSR2,AGAP2
33,CNKSR2,BAIAP2
34,CNKSR2,CAMK2A
35,CNKSR2,CAMK2B
36,CNKSR2,DLG1
37,CNKSR2,DLG2
38,CNKSR2,DLG4
39,CNKSR2,DLGAP1
40,CNKSR2,IQSEC1
41,CNKSR2,LRRC7
42,CNKSR2,MINK1
43,CNKSR2,NEFL
44,CNKSR2,PRKCG
45,CNKSR2,SHANK3
46,CNKSR2,SNAP91
47,CNKSR2,SPNA2
48,CNKSR2,SYNGAP1
49,CNKSR2,TJP1
50,CNKSR2,TNIK
51,CNKSR2,YWHAZ
52,CYFIP1,AAK1
53,CYFIP1,ABI1
54,CYFIP1,ACTB
55,CYFIP1,AGAP2
56,CYFIP1,ANK2
57,CYFIP1,ANKRD17
58,CYFIP1,AP1B1
59,CYFIP1,AP1S1
60,CYFIP1,AP2A1
61,CYFIP1,AP2B1
62,CYFIP1,ARF3
63,CYFIP1,ARHGEF2
64,CYFIP1,ARPC4
65,CYFIP1,BAIAP2
66,CYFIP1,CAMK2A
67,CYFIP1,CAMK2B
68,CYFIP1,CAMKV
69,CYFIP1,CAPZA2
70,CYFIP1,CCT3
71,CYFIP1,CNTNAP1
72,CYFIP1,CRMP1
73,CYFIP1,CUL3
74,CYFIP1,CYFIP2
75,CYFIP1,DBN1
76,CYFIP1,DCLK1
77,CYFIP1,DCTN1
78,CYFIP1,DLG2
79,CYFIP1,DLG4
80,CYFIP1,DNAJC6
81,CYFIP1,DNM1
82,CYFIP1,DNM1L
83,CYFIP1,DNM2
84,CYFIP1,DNM3
85,CYFIP1,DPYSL2
86,CYFIP1,DPYSL4
87,CYFIP1,DSTN
88,CYFIP1,DYNC1H1
89,CYFIP1,EEF1A2
90,CYFIP1,EPB41L1
91,CYFIP1,EPB41L3
92,CYFIP1,ERC2
93,CYFIP1,ETF1
94,CYFIP1,FARP1
95,CYFIP1,FERMT3
96,CYFIP1,GLUL
97,CYFIP1,GOLGA2
98,CYFIP1,GRIN2A
99,CYFIP1,GRM3
100,CYFIP1,GSK3B
101,CYFIP1,IMPDH2
102,CYFIP1,IPO4
103,CYFIP1,IQSEC1
104,CYFIP1,KCNB1
105,CYFIP1,KIF2A
106,CYFIP1,LRRC24
107,CYFIP1,MACF1
108,CYFIP1,MATR3
109,CYFIP1,MFN2
110,CYFIP1,MYO5A
111,CYFIP1,NCAN
112,CYFIP1,NCDN
113,CYFIP1,NCKAP1
114,CYFIP1,NEFH
115,CYFIP1,NEFL
116,CYFIP1,NEFM
117,CYFIP1,NPEPPS
118,CYFIP1,NSF
119,CYFIP1,NTRK2
120,CYFIP1,NUMBL
121,CYFIP1,NYAP2
122,CYFIP1,OPA1
123,CYFIP1,P2RX7
124,CYFIP1,PAK1
125,CYFIP1,PDCD6IP
126,CYFIP1,PDE4A
127,CYFIP1,PHACTR1
128,CYFIP1,PI4KA
129,CYFIP1,PICALM
130,CYFIP1,PPP1CC
131,CYFIP1,PREPL
132,CYFIP1,PRKCB
133,CYFIP1,PRKCE
134,CYFIP1,PRKCG
135,CYFIP1,PROX1
136,CYFIP1,PTPN9
137,CYFIP1,RAC1
138,CYFIP1,RAPGEF2
139,CYFIP1,RHEB
140,CYFIP1,RHOC
141,CYFIP1,RPL27
142,CYFIP1,RPS6KB1
143,CYFIP1,RTN1
144,CYFIP1,SBF1
145,CYFIP1,SGIP1
146,CYFIP1,SHANK1
147,CYFIP1,SHANK3
148,CYFIP1,SLC4A8
149,CYFIP1,SNAP1
150,CYFIP1,SNAP91
151,CYFIP1,SPNA2
152,CYFIP1,SPTBN1
153,CYFIP1,SPTBN2
154,CYFIP1,SYNGAP1
155,CYFIP1,SYNPO
156,CYFIP1,TMEM240
157,CYFIP1,TPD52L2
158,CYFIP1,TRAPPC3
159,CYFIP1,TRIM3
160,CYFIP1,TRPC4
161,CYFIP1,UBA6
162,CYFIP1,UBE2O
163,CYFIP1,WASF1
164,CYFIP1,YLPM1
165,CYFIP2,ABI2
166,CYFIP2,APPL1
167,CYFIP2,CAMK2A
168,CYFIP2,CAMK2B
169,CYFIP2,CASKIN1
170,CYFIP2,CDH10
171,CYFIP2,CDH2
172,CYFIP2,CNTNAP1
173,CYFIP2,CTNNB1
174,CYFIP2,CTTNBP2
175,CYFIP2,DNM1
176,CYFIP2,FMR1
177,CYFIP2,FYCO1
178,CYFIP2,INA
179,CYFIP2,KCNMA1
180,CYFIP2,MAP3K5
181,CYFIP2,MYCBP2
182,CYFIP2,MYO5A
183,CYFIP2,NCKAP1
184,CYFIP2,NEK9
185,CYFIP2,NHSL2
186,CYFIP2,PEX5L
187,CYFIP2,SKT
188,CYFIP2,SPTAN1
189,CYFIP2,SPTBN1
190,CYFIP2,SPTBN2
191,CYFIP2,SRGAP3
192,CYFIP2,TNIK
193,CYFIP2,TPP2
194,CYFIP2,WASF1
195,CYFIP2,ABI1
196,CYFIP2,ABI2
197,CYFIP2,AP2A1
198,CYFIP2,CAMK2A
199,CYFIP2,CAMK2B
200,CYFIP2,CASKIN1
201,CYFIP2,CNTNAP1
202,CYFIP2,CTNNB1
203,CYFIP2,CYFIP1
204,CYFIP2,DLG4
205,CYFIP2,INA
206,CYFIP2,MAP3K5
207,CYFIP2,MYO5A
208,CYFIP2,NCKAP1
209,CYFIP2,NLGN3
210,CYFIP2,SHANK1
211,CYFIP2,SHANK3
212,CYFIP2,SPTAN1
213,CYFIP2,SPTBN1
214,CYFIP2,SPTBN2
215,CYFIP2,TNIK
216,CYFIP2,WASF1
217,FMR1,AFF4
218,FMR1,AGO1
219,FMR1,AGO2
220,FMR1,ANKRD17
221,FMR1,APC
222,FMR1,ARHGAP21
223,FMR1,ARHGAP24
224,FMR1,ARHGEF18
225,FMR1,ARHGEF2
226,FMR1,ATXN2
227,FMR1,BCL9
228,FMR1,BIN1
229,FMR1,BRSK1
230,FMR1,CACNB1
231,FMR1,CACNB2
232,FMR1,CACNB4
233,FMR1,CAMK2A
234,FMR1,CAMK2B
235,FMR1,CAMK2D
236,FMR1,CAMK2G
237,FMR1,CAMSAP2
238,FMR1,CAPRIN1
239,FMR1,CASKIN1
240,FMR1,CEP170
241,FMR1,CEP170B
242,FMR1,CNOT1
243,FMR1,CNTN1
244,FMR1,CNTNAP5A
245,FMR1,CTNNB1
246,FMR1,CYFIP2
247,FMR1,DAPK3
248,FMR1,DIAPH2
249,FMR1,DIP2B
250,FMR1,DNM1
251,FMR1,DPYSL2
252,FMR1,DYNC1H1
253,FMR1,DYNLL1
254,FMR1,DZANK1
255,FMR1,EHD3
256,FMR1,EIF4G1
257,FMR1,ELAVL1
258,FMR1,ELAVL2
259,FMR1,ELAVL3
260,FMR1,ELAVL4
261,FMR1,EML1
262,FMR1,FAM120A
263,FMR1,FAM120C
264,FMR1,FAM171A1
265,FMR1,FAM171A2
266,FMR1,FXR1
267,FMR1,FXR2
268,FMR1,GIGYF2
269,FMR1,GOLGA4
270,FMR1,HDAC3
271,FMR1,ICAM5
272,FMR1,INA
273,FMR1,IQSEC1
274,FMR1,ITCH
275,FMR1,KCNMA1
276,FMR1,KCNT1
277,FMR1,KDM5A
278,FMR1,KHSRP
279,FMR1,KIF2A
280,FMR1,KIF5A
281,FMR1,KIF5B
282,FMR1,KIF5C
283,FMR1,KLC1
284,FMR1,LDB1
285,FMR1,LDB2
286,FMR1,LMO3
287,FMR1,LPPR4
288,FMR1,LRP1
289,FMR1,LUZP1
290,FMR1,MAPK1
291,FMR1,MATR3
292,FMR1,MCC
293,FMR1,MIOS
294,FMR1,NCKAP1
295,FMR1,NCOA3
296,FMR1,NCOR1
297,FMR1,NCOR2
298,FMR1,NEFL
299,FMR1,NSF
300,FMR1,NT5C2
301,FMR1,NUMBL
302,FMR1,PCNT
303,FMR1,PDE2A
304,FMR1,PKP4
305,FMR1,PPP2R1A
306,FMR1,PRKCB
307,FMR1,PRKCG
308,FMR1,PRKD1
309,FMR1,PRRC2A
310,FMR1,PRRC2B
311,FMR1,PRRC2C
312,FMR1,PTPRN2
313,FMR1,PURA
314,FMR1,PURB
315,FMR1,RAD50
316,FMR1,RANBP9
317,FMR1,RAPGEF2
318,FMR1,RIPK2
319,FMR1,SIK3
320,FMR1,SKT
321,FMR1,SOGA2
322,FMR1,SOGA3
323,FMR1,SPTBN1
324,FMR1,SRPK2
325,FMR1,SSSCA1
326,FMR1,STIP1
327,FMR1,TBL1X
328,FMR1,TDRD3
329,FMR1,TJP1
330,FMR1,TNR
331,FMR1,TNRC6B
332,FMR1,TNS1
333,FMR1,TOP3B
334,FMR1,TRIM28
335,FMR1,TRIM3
336,FMR1,UBAP2
337,FMR1,UBAP2L
338,FMR1,UHRF1BP1L
339,FMR1,USP10
340,FMR1,USP9X
341,FMR1,WDFY3
342,FMR1,WDR47
343,FMR1,WTIP
344,FMR1,ZC2HC1A
345,FMR1,ZFR
346,FMR1,ZKSCAN1
347,FMR1,ZNFX1
348,FMR1,ARF3
349,FMR1,ARHGAP21
350,FMR1,BSN
351,FMR1,CACNB1
352,FMR1,CAMK2A
353,FMR1,CKAP5
354,FMR1,DLG1
355,FMR1,DLG2
356,FMR1,DLG4
357,FMR1,DLGAP3
358,FMR1,GIT1
359,FMR1,INA
360,FMR1,IQSEC1
361,FMR1,IQSEC2
362,FMR1,NEFL
363,FMR1,PRKCB
364,FMR1,PRKCG
365,FMR1,SHANK3
366,FMR1,SYNGAP1
367,FMR1,TJP1
368,FMR1,TNIK
369,FMR1,ACTR1A
370,FMR1,AFF4
371,FMR1,AGO1
372,FMR1,AGO2
373,FMR1,AKAP8
374,FMR1,AKAP9
375,FMR1,ANAPC1
376,FMR1,APC
377,FMR1,APC2
378,FMR1,ARHGAP21
379,FMR1,BCL11A
380,FMR1,BCL11B
381,FMR1,BCL9
382,FMR1,CAPRIN1
383,FMR1,CASC3
384,FMR1,CBLL1
385,FMR1,CBX3
386,FMR1,CCAR2
387,FMR1,CDC5L
388,FMR1,CDK5RAP2
389,FMR1,CEP170
390,FMR1,CHD4
391,FMR1,CHD7
392,FMR1,CLASP1
393,FMR1,CNOT1
394,FMR1,CPSF2
395,FMR1,CSNK2A1
396,FMR1,CSNK2A2
397,FMR1,CTNNB1
398,FMR1,DAPK3
399,FMR1,DDX3X
400,FMR1,DIXDC1
401,FMR1,DNMT1
402,FMR1,DOCK7
403,FMR1,DVL2
404,FMR1,DYNC1H1
405,FMR1,EDC4
406,FMR1,EHMT2
407,FMR1,EIF4G
408,FMR1,EMSY
409,FMR1,ERH
410,FMR1,EWSR1
411,FMR1,FAM120A
412,FMR1,FXR1
413,FMR1,FXR2
414,FMR1,G3BP2
415,FMR1,GIGYF2
416,FMR1,GOLGA4
417,FMR1,GSK3B
418,FMR1,H2AFY
419,FMR1,HDAC2
420,FMR1,HDAC3
421,FMR1,HERC2
422,FMR1,HOMER3
423,FMR1,KDM1A
424,FMR1,KDM5A
425,FMR1,KIAA1429
426,FMR1,KIF21B
427,FMR1,KIF2A
428,FMR1,KIF5B
429,FMR1,KIF5C
430,FMR1,KPNB1
431,FMR1,LDB1
432,FMR1,LMTK3
433,FMR1,LRCH2
434,FMR1,LRP1
435,FMR1,LUZP1
436,FMR1,MACF1
437,FMR1,MAGED1
438,FMR1,MAGI1
439,FMR1,MAP4K4
440,FMR1,MATR3
441,FMR1,MBD3
442,FMR1,MORF4L1
443,FMR1,MYCBP2
444,FMR1,N4BP2
445,FMR1,NBEA
446,FMR1,NCL
447,FMR1,NCOA2
448,FMR1,NCOA3
449,FMR1,NCOR1
450,FMR1,NCOR2
451,FMR1,NEDD4
452,FMR1,NIPBL
453,FMR1,NISCH
454,FMR1,NOSIP
455,FMR1,NUFIP2
456,FMR1,NUMA1
457,FMR1,OTUD4
458,FMR1,PAK7
459,FMR1,PARD3
460,FMR1,PBRM1
461,FMR1,PCBP1
462,FMR1,PCM1
463,FMR1,PPP1CA
464,FMR1,PRMT1
465,FMR1,PRRC2A
466,FMR1,PRRC2B
467,FMR1,PRRC2C
468,FMR1,RANBP2
469,FMR1,RANBP9
470,FMR1,RANGAP1
471,FMR1,SAFB2
472,FMR1,SCRIB
473,FMR1,SIN3B
474,FMR1,SMARCA4
475,FMR1,SMARCC2
476,FMR1,SMG6
477,FMR1,SOGA1
478,FMR1,SPICE1
479,FMR1,SRPK2
480,FMR1,SUPT16H
481,FMR1,TBL1X
482,FMR1,TBL1XR1
483,FMR1,TCF20
484,FMR1,TDRD3
485,FMR1,THRAP3
486,FMR1,TJP1
487,FMR1,TOP3B
488,FMR1,TP53BP1
489,FMR1,TRA2B
490,FMR1,TRIM28
491,FMR1,UBAP2
492,FMR1,UBAP2L
493,FMR1,UBR4
494,FMR1,USP10
495,FMR1,USP28
496,FMR1,USP9X
497,FMR1,ZBTB1
498,FMR1,ZFP219
499,FMR1,ZNFX1
500,FMR1,ZSCAN12
501,FXR1,ANKFY1
502,FXR1,AP2A1
503,FXR1,AP2A2
504,FXR1,ARHGEF7
505,FXR1,BAIAP2
506,FXR1,CAMK2A
507,FXR1,CAMK2B
508,FXR1,CAPRIN1
509,FXR1,CDH2
510,FXR1,CTNNB1
511,FXR1,EIF2C1
512,FXR1,EIF2C2
513,FXR1,ELAVL1
514,FXR1,ELAVL2
515,FXR1,ELAVL4
516,FXR1,EPB41L3
517,FXR1,EXOG
518,FXR1,FAM120A
519,FXR1,FARSA
520,FXR1,FARSB
521,FXR1,FMR1
522,FXR1,FXR2
523,FXR1,GIT1
524,FXR1,GM10110
525,FXR1,GM8730
526,FXR1,HNRNPK
527,FXR1,HNRNPM
528,FXR1,HNRNPU
529,FXR1,HNRNPUL2
530,FXR1,HSPA9
531,FXR1,INA
532,FXR1,PABPC1
533,FXR1,PAK1
534,FXR1,PAK2
535,FXR1,PAK3
536,FXR1,PPFIA3
537,FXR1,PPM1H
538,FXR1,PURA
539,FXR1,RPL12
540,FXR1,SPHKAP
541,FXR1,TDRD3
542,FXR1,TNR
543,FXR1,TP53BP1
544,FXR1,UPF1
545,FXR1,AAK1
546,FXR1,AKAP8
547,FXR1,AKAP9
548,FXR1,ALYREF
549,FXR1,ANKFY1
550,FXR1,AP2A1
551,FXR1,AP2A2
552,FXR1,AP2B1
553,FXR1,ARHGEF2
554,FXR1,ARHGEF7
555,FXR1,ATF6B
556,FXR1,BAIAP2
557,FXR1,BCLAF1
558,FXR1,BCOR
559,FXR1,BUB3
560,FXR1,CAD
561,FXR1,CCAR1
562,FXR1,CCAR2
563,FXR1,CCDC88A
564,FXR1,CDC5L
565,FXR1,CDH2
566,FXR1,CENPF
567,FXR1,CEP170
568,FXR1,CEP170B
569,FXR1,CLIP1
570,FXR1,CNOT1
571,FXR1,CTCF
572,FXR1,CTNNA1
573,FXR1,CTNNB1
574,FXR1,DIDO1
575,FXR1,DNAJA1
576,FXR1,DNAJC9
577,FXR1,DOCK7
578,FXR1,DYNLL1
579,FXR1,EBF3
580,FXR1,EDC4
581,FXR1,EIF2C1
582,FXR1,EPS15
583,FXR1,EPS15L1
584,FXR1,FARSA
585,FXR1,FARSB
586,FXR1,FLJ45252
587,FXR1,FMR1
588,FXR1,FXR2
589,FXR1,FYCO1
590,FXR1,GIT1
591,FXR1,GIT2
592,FXR1,GOLGA3
593,FXR1,GOLGB1
594,FXR1,GPRASP1
595,FXR1,GRIK3
596,FXR1,GSK3B
597,FXR1,GTPBP4
598,FXR1,ILF2
599,FXR1,ILF3
600,FXR1,INA
601,FXR1,ITSN1
602,FXR1,KEAP1
603,FXR1,KIF21A
604,FXR1,KIF2A
605,FXR1,KIF7
606,FXR1,KPNB1
607,FXR1,LMTK3
608,FXR1,MAP4K4
609,FXR1,MDK
610,FXR1,MIA3
611,FXR1,MLLT4
612,FXR1,MYCBP2
613,FXR1,MYEF2
614,FXR1,N4BP2
615,FXR1,NACC1
616,FXR1,NAT10
617,FXR1,NCOR1
618,FXR1,NCOR2
619,FXR1,NEDD4
620,FXR1,NEFL
621,FXR1,NEFM
622,FXR1,NOP2
623,FXR1,NOP56
624,FXR1,NPM1
625,FXR1,NUP153
626,FXR1,PAK1
627,FXR1,PAK2
628,FXR1,PAK3
629,FXR1,PCM1
630,FXR1,PDE4DIP
631,FXR1,PRRC2A
632,FXR1,PRRC2B
633,FXR1,PRRC2C
634,FXR1,RANBP2
635,FXR1,RANGAP1
636,FXR1,RCOR2
637,FXR1,RDX
638,FXR1,SBF1
639,FXR1,SCRIB
640,FXR1,SEC16A
641,FXR1,SEC24C
642,FXR1,SENP1
643,FXR1,SMARCA4
644,FXR1,SMARCC2
645,FXR1,SNW1
646,FXR1,SOGA1
647,FXR1,SPATA13
648,FXR1,SPATS2
649,FXR1,SRPK2
650,FXR1,SRSF1
651,FXR1,STON2
652,FXR1,STRAP
653,FXR1,STRN
654,FXR1,TBK1
655,FXR1,TCOF1
656,FXR1,TDRD3
657,FXR1,THRAP3
658,FXR1,TOP3B
659,FXR1,TP53BP1
660,FXR1,TRIM28
661,FXR1,TTC3
662,FXR1,UBAP2
663,FXR1,UBAP2L
664,FXR1,USP9X
665,FXR1,VIM
666,FXR1,WDR47
667,FXR1,ZFP219
668,FXR1,ZFP295
669,HCN1,ARHGEF7
670,HCN1,ASIC1
671,HCN1,BSN
672,HCN1,CAMK2A
673,HCN1,CAMK2B
674,HCN1,CIT
675,HCN1,CNP
676,HCN1,CSNK2A1
677,HCN1,DLG1
678,HCN1,DSCAM
679,HCN1,GABBR2
680,HCN1,GIT1
681,HCN1,GPHN
682,HCN1,GSK3B
683,HCN1,HCN2
684,HCN1,HCN4
685,HCN1,KCTD12
686,HCN1,KCTD16
687,HCN1,MAPK8IP1
688,HCN1,MAPK8IP2
689,HCN1,MAPK8IP3
690,HCN1,MPDZ
691,HCN1,NF1
692,HCN1,PAK1
693,HCN1,PAK3
694,HCN1,PEX5L
695,HCN1,PRKAR1A
696,HCN1,PRKAR1B
697,HCN1,RAB3IP
698,HCN1,RPH3A
699,HCN1,SH3D19
700,HCN1,SH3KBP1
701,HCN1,SHANK3
702,HCN1,SHROOM3
703,HCN1,SPHKAP
704,HCN1,SPTBN1
705,HCN1,SPTBN2
706,HCN1,TNS1
707,HERC2,AKAP9
708,HERC2,ANK2
709,HERC2,ARPC4
710,HERC2,CARM1
711,HERC2,CEP170
712,HERC2,CNOT1
713,HERC2,CORO1C
714,HERC2,CUX1
715,HERC2,DBN1
716,HERC2,DDX3X
717,HERC2,DOCK7
718,HERC2,DPYSL2
719,HERC2,DST
720,HERC2,EEF1A1
721,HERC2,FLII
722,HERC2,FXR1
723,HERC2,GM15800
724,HERC2,HDAC2
725,HERC2,KIAA1598
726,HERC2,KIF11
727,HERC2,KIF15
728,HERC2,KIF5B
729,HERC2,KIF5C
730,HERC2,MACF1
731,HERC2,MAP6
732,HERC2,MATR3
733,HERC2,MCM3
734,HERC2,MTAP7D1
735,HERC2,MYH10
736,HERC2,NEURL4
737,HERC2,NSD1
738,HERC2,PATZ1
739,HERC2,PPFIA1
740,HERC2,PPP1CA
741,HERC2,RAI1
742,HERC2,SEC23A
743,HERC2,SEC23IP
744,HERC2,SIPA1
745,HERC2,SORBS1
746,HERC2,SPTBN1
747,HERC2,SRGAP2
748,HERC2,SYNE2
749,HERC2,TACC3
750,HERC2,TAF4A
751,HERC2,TNIK
752,HERC2,TP53BP1
753,HERC2,TRERF1
754,HERC2,TRIM67
755,HERC2,UBE3A
756,HERC2,UBR4
757,HERC2,UPF1
758,HERC2,YWHAZ
759,HOMER1,AGAP2
760,HOMER1,BIN1
761,HOMER1,CALM1
762,HOMER1,CAMK2A
763,HOMER1,CNTN4
764,HOMER1,CYTH3
765,HOMER1,DLGAP1
766,HOMER1,DNM1
767,HOMER1,DOCK7
768,HOMER1,EFHD2
769,HOMER1,GIPC1
770,HOMER1,GRM1
771,HOMER1,GRM5
772,HOMER1,LZTS3
773,HOMER1,MAP3K5
774,HOMER1,MYH10
775,HOMER1,NCAM1
776,HOMER1,NCDN
777,HOMER1,PPIA
778,HOMER1,PPP3CA
779,HOMER1,PRKCA
780,HOMER1,SHANK1
781,HOMER1,SHANK2
782,HOMER1,SHANK3
783,HOMER1,SIRPA
784,HOMER1,SPTAN1
785,HOMER1,SPTBN1
786,HOMER1,SPTBN2
787,HOMER1,TNR
788,HOMER1,TRIM21
789,HOMER1,WASF1
790,HOMER1,YWHAB
791,HOMER1,YWHAE
792,HOMER1,YWHAH
793,HOMER1,YWHAZ
794,HUWE1,APPL1
795,HUWE1,ARHGEF12
796,HUWE1,ARHGEF18
797,HUWE1,ATP2B4
798,HUWE1,BIN1
799,HUWE1,CAMK2A
800,HUWE1,CAMK2B
801,HUWE1,CANX
802,HUWE1,CNP
803,HUWE1,CRMP1
804,HUWE1,DPYSL2
805,HUWE1,EPB41L3
806,HUWE1,ERC1
807,HUWE1,FAM171A2
808,HUWE1,GIT1
809,HUWE1,GLUL
810,HUWE1,HNRNPUL2
811,HUWE1,HOOK3
812,HUWE1,KANK2
813,HUWE1,KIAA0319
814,HUWE1,KIF21A
815,HUWE1,KIF5C
816,HUWE1,NOS1
817,HUWE1,NPTN
818,HUWE1,NSF
819,HUWE1,OGT
820,HUWE1,ORF61
821,HUWE1,PDE4A
822,HUWE1,PRKCG
823,HUWE1,PURA
824,HUWE1,RPS27A
825,HUWE1,SOGA3
826,HUWE1,SPTBN1
827,HUWE1,TNIK
828,HUWE1,TNR
829,HUWE1,TP53BP1
830,HUWE1,TRIM3
831,HUWE1,WDR81
832,HUWE1,WDR91
833,HUWE1,XRCC5
834,HUWE1,XRCC6
835,HUWE1,DPYSL2
836,HUWE1,EEF2
837,HUWE1,KANK2
838,HUWE1,NES
839,HUWE1,ORF61
840,HUWE1,TNIK
841,HUWE1,TP53BP1
842,HUWE1,TTC3
843,HUWE1,XRCC6
844,MYCBP2,AKAP12
845,MYCBP2,CAMK2A
846,MYCBP2,CAMK2B
847,MYCBP2,CYFIP2
848,MYCBP2,FBXO45
849,MYCBP2,G3BP2
850,MYCBP2,IQSEC3
851,MYCBP2,MATR3
852,MYCBP2,MTOR
853,MYCBP2,PDE1B
854,MYCBP2,PKN1
855,MYCBP2,SPTBN2
856,MYCBP2,SYT3
857,MYCBP2,TNIK
858,MYCBP2,UNC79
859,MYCBP2,WDR45
860,MYCBP2,CAMK2A
861,MYCBP2,DLG2
862,MYCBP2,IQSEC3
863,MYCBP2,SYNGAP1
864,MYCBP2,TNIK
865,MYCBP2,ABLIM1
866,MYCBP2,ABLIM3
867,MYCBP2,AKAP12
868,MYCBP2,ANK2
869,MYCBP2,APC
870,MYCBP2,ARHGAP21
871,MYCBP2,ARHGEF11
872,MYCBP2,ARHGEF2
873,MYCBP2,ARPC2
874,MYCBP2,ARPC3
875,MYCBP2,BC068157
876,MYCBP2,BCLAF1
877,MYCBP2,CAD
878,MYCBP2,CALM1
879,MYCBP2,CAPRIN1
880,MYCBP2,CARM1
881,MYCBP2,CCAR1
882,MYCBP2,CCDC177
883,MYCBP2,CCT3
884,MYCBP2,CCT4
885,MYCBP2,CLASP1
886,MYCBP2,CLASP2
887,MYCBP2,CORO1B
888,MYCBP2,CORO1C
889,MYCBP2,CSNK1A1
890,MYCBP2,CTTN
891,MYCBP2,DAPK1
892,MYCBP2,DBN1
893,MYCBP2,DCLK1
894,MYCBP2,DCTN1
895,MYCBP2,DCX
896,MYCBP2,DDX3X
897,MYCBP2,DOCK7
898,MYCBP2,DST
899,MYCBP2,DYNC1H1
900,MYCBP2,EEF2
901,MYCBP2,EFHD2
902,MYCBP2,EIF4A1
903,MYCBP2,ELAVL1
904,MYCBP2,EPM2AIP1
905,MYCBP2,EWSR1
906,MYCBP2,FBXO45
907,MYCBP2,FMR1
908,MYCBP2,FUS
909,MYCBP2,FXR1
910,MYCBP2,G3BP1
911,MYCBP2,G3BP2
912,MYCBP2,GNB2L1
913,MYCBP2,GSN
914,MYCBP2,HDAC2
915,MYCBP2,HERC2
916,MYCBP2,HIST1H2AH
917,MYCBP2,HIST1H4A
918,MYCBP2,HSPA9
919,MYCBP2,HUWE1
920,MYCBP2,IQGAP1
921,MYCBP2,KIAA1598
922,MYCBP2,KIF21B
923,MYCBP2,KPNA1
924,MYCBP2,KTN1
925,MYCBP2,LIMA1
926,MYCBP2,LIMCH1
927,MYCBP2,LMNB1
928,MYCBP2,LRCH2
929,MYCBP2,LRRFIP1
930,MYCBP2,LRRFIP2
931,MYCBP2,MACF1
932,MYCBP2,MAGED2
933,MYCBP2,MAP4K4
934,MYCBP2,MATR3
935,MYCBP2,MDN1
936,MYCBP2,MPRIP
937,MYCBP2,MYBBP1A
938,MYCBP2,MYEF2
939,MYCBP2,NES
940,MYCBP2,NFATC3
941,MYCBP2,NOL9
942,MYCBP2,PARP1
943,MYCBP2,PCM1
944,MYCBP2,PDE1B
945,MYCBP2,PELP1
946,MYCBP2,PKN1
947,MYCBP2,PLA2G15
948,MYCBP2,PPP1CA
949,MYCBP2,PPP1CB
950,MYCBP2,PPP1R12A
951,MYCBP2,PPP1R9A
952,MYCBP2,PPP1R9B
953,MYCBP2,PPP2R1A
954,MYCBP2,PRRC2C
955,MYCBP2,RPA1
956,MYCBP2,SCRIB
957,MYCBP2,SEC23A
958,MYCBP2,SEC31A
959,MYCBP2,SENP3
960,MYCBP2,SF3B1
961,MYCBP2,SIPA1
962,MYCBP2,SIPA1L3
963,MYCBP2,SKP1
964,MYCBP2,SMARCC1
965,MYCBP2,SMARCC2
966,MYCBP2,SORBS1
967,MYCBP2,SORBS2
968,MYCBP2,SPECC1L
969,MYCBP2,SPTAN1
970,MYCBP2,SPTBN1
971,MYCBP2,SSH1
972,MYCBP2,SSH2
973,MYCBP2,SVIL
974,MYCBP2,SYNE2
975,MYCBP2,TAF15
976,MYCBP2,TAGLN3
977,MYCBP2,TBC1D5
978,MYCBP2,TEX10
979,MYCBP2,THRAP3
980,MYCBP2,TJP1
981,MYCBP2,TPR
982,MYCBP2,TRIM28
983,MYCBP2,TWF1
984,MYCBP2,UACA
985,MYCBP2,UBR4
986,MYCBP2,UPF1
987,MYCBP2,USP10
988,MYCBP2,WDR1
989,MYCBP2,WDR18
990,MYCBP2,YWHAZ
991,MYCBP2,ZNF618
992,MYCBP2,ZSCAN18
993,NCKAP1,ABI1
994,NCKAP1,ABI2
995,NCKAP1,AP2A1
996,NCKAP1,BAIAP2
997,NCKAP1,CAMK2A
998,NCKAP1,CYFIP1
999,NCKAP1,CYFIP2
1000,NCKAP1,DNM1
1001,NCKAP1,DPYSL2
1002,NCKAP1,EPB41L1
1003,NCKAP1,EPB41L3
1004,NCKAP1,FMR1
1005,NCKAP1,GSK3B
1006,NCKAP1,NEFL
1007,NCKAP1,NEFM
1008,NCKAP1,RAC1
1009,NCKAP1,SGIP1
1010,NCKAP1,SPTAN1
1011,NCKAP1,SPTBN1
1012,NCKAP1,SPTBN2
1013,NCKAP1,SYNPO
1014,NCKAP1,TNIK
1015,NCKAP1,TSC1
1016,NCKAP1,WASF1
1017,PDE4DIP,ACTB
1018,PDE4DIP,AGAP2
1019,PDE4DIP,AKAP9
1020,PDE4DIP,AMPD2
1021,PDE4DIP,ANKRD28
1022,PDE4DIP,ARHGAP32
1023,PDE4DIP,ARHGAP44
1024,PDE4DIP,ARHGEF12
1025,PDE4DIP,ARMC8
1026,PDE4DIP,BCR
1027,PDE4DIP,CAMK2A
1028,PDE4DIP,CAMK2B
1029,PDE4DIP,CASKIN1
1030,PDE4DIP,CCDC6
1031,PDE4DIP,CDH10
1032,PDE4DIP,CDH11
1033,PDE4DIP,CDH2
1034,PDE4DIP,CEP170
1035,PDE4DIP,CEP170B
1036,PDE4DIP,CIT
1037,PDE4DIP,CLASP1
1038,PDE4DIP,CLASP2
1039,PDE4DIP,CLIP1
1040,PDE4DIP,CLIP2
1041,PDE4DIP,CLU
1042,PDE4DIP,CNKSR3
1043,PDE4DIP,CNP
1044,PDE4DIP,CTNNB1
1045,PDE4DIP,CTTN
1046,PDE4DIP,CUX1
1047,PDE4DIP,DAB2IP
1048,PDE4DIP,DIP2B
1049,PDE4DIP,DNAJC13
1050,PDE4DIP,DPYSL2
1051,PDE4DIP,ELAVL1
1052,PDE4DIP,ELAVL2
1053,PDE4DIP,ELAVL3
1054,PDE4DIP,ELAVL4
1055,PDE4DIP,ENAH
1056,PDE4DIP,ERC2
1057,PDE4DIP,EZR
1058,PDE4DIP,FAM120A
1059,PDE4DIP,FAM120C
1060,PDE4DIP,FRY
1061,PDE4DIP,FXR2
1062,PDE4DIP,FYCO1
1063,PDE4DIP,GIT1
1064,PDE4DIP,GOLGA1
1065,PDE4DIP,GPR158
1066,PDE4DIP,HDAC4
1067,PDE4DIP,HOMER1
1068,PDE4DIP,HOOK3
1069,PDE4DIP,IQSEC1
1070,PDE4DIP,JAKMIP1
1071,PDE4DIP,JAKMIP2
1072,PDE4DIP,JAKMIP3
1073,PDE4DIP,KALRN
1074,PDE4DIP,KIF13B
1075,PDE4DIP,KIF2A
1076,PDE4DIP,KSR2
1077,PDE4DIP,LETM1
1078,PDE4DIP,LMNB1
1079,PDE4DIP,LMNB2
1080,PDE4DIP,LRRFIP1
1081,PDE4DIP,MAD1L1
1082,PDE4DIP,MAPK1
1083,PDE4DIP,MATR3
1084,PDE4DIP,MINK1
1085,PDE4DIP,MSN
1086,PDE4DIP,NBEA
1087,PDE4DIP,NF1
1088,PDE4DIP,NSF
1089,PDE4DIP,OSBPL3
1090,PDE4DIP,PCM1
1091,PDE4DIP,PKP4
1092,PDE4DIP,PPFIA3
1093,PDE4DIP,PPP2R1A
1094,PDE4DIP,PRKACB
1095,PDE4DIP,PRKAR2A
1096,PDE4DIP,PRKCB
1097,PDE4DIP,PRKCG
1098,PDE4DIP,PTPRN2
1099,PDE4DIP,PURA
1100,PDE4DIP,PURB
1101,PDE4DIP,RABEP1
1102,PDE4DIP,RABEP2
1103,PDE4DIP,RABGEF1
1104,PDE4DIP,RANBP10
1105,PDE4DIP,RANBP9
1106,PDE4DIP,RDX
1107,PDE4DIP,RGS6
1108,PDE4DIP,SEC23IP
1109,PDE4DIP,SH3BP1
1110,PDE4DIP,SHANK1
1111,PDE4DIP,SKT
1112,PDE4DIP,SOGA3
1113,PDE4DIP,SORBS2
1114,PDE4DIP,SPNA2
1115,PDE4DIP,SPTBN1
1116,PDE4DIP,SRPK2
1117,PDE4DIP,STOML2
1118,PDE4DIP,STRN
1119,PDE4DIP,TAX1BP1
1120,PDE4DIP,TNIK
1121,PDE4DIP,TNR
1122,PDE4DIP,TRIM28
1123,PDE4DIP,TRIM3
1124,PDE4DIP,TRIP11
1125,PDE4DIP,TXLNA
1126,PDE4DIP,UBASH3B
1127,PDE4DIP,UBR4
1128,PDE4DIP,VGF
1129,PDE4DIP,WASF1
1130,PDE4DIP,WDR26
1131,PDE4DIP,ZFR
1132,PDE4DIP,ZKSCAN14
1133,PDE4DIP,AGRN
1134,PDE4DIP,AKAP9
1135,PDE4DIP,ALYREF
1136,PDE4DIP,AMPD2
1137,PDE4DIP,ANKRD28
1138,PDE4DIP,ARHGEF12
1139,PDE4DIP,ARMCX4
1140,PDE4DIP,ATF7IP
1141,PDE4DIP,AZI1
1142,PDE4DIP,CAD
1143,PDE4DIP,CAMSAP1
1144,PDE4DIP,CAMSAP3
1145,PDE4DIP,CCDC124
1146,PDE4DIP,CCDC13
1147,PDE4DIP,CCDC88A
1148,PDE4DIP,CCDC88C
1149,PDE4DIP,CENPE
1150,PDE4DIP,CENPJ
1151,PDE4DIP,CEP170
1152,PDE4DIP,CLASP1
1153,PDE4DIP,CLIP1
1154,PDE4DIP,CTBP1
1155,PDE4DIP,CTNNB1
1156,PDE4DIP,CUX1
1157,PDE4DIP,DAB2IP
1158,PDE4DIP,DDB1
1159,PDE4DIP,DIP2B
1160,PDE4DIP,DNAJC13
1161,PDE4DIP,DYNC1H1
1162,PDE4DIP,DZIP3
1163,PDE4DIP,EFTUD2
1164,PDE4DIP,ENAH
1165,PDE4DIP,ERH
1166,PDE4DIP,EWSR1
1167,PDE4DIP,EZR
1168,PDE4DIP,FXR2
1169,PDE4DIP,FYCO1
1170,PDE4DIP,GOLGA3
1171,PDE4DIP,HOMER3
1172,PDE4DIP,HOOK1
1173,PDE4DIP,JAKMIP1
1174,PDE4DIP,JAKMIP2
1175,PDE4DIP,KBP
1176,PDE4DIP,KIF13B
1177,PDE4DIP,KIF15
1178,PDE4DIP,KIF21B
1179,PDE4DIP,KIF23
1180,PDE4DIP,KIF2A
1181,PDE4DIP,KIF4A
1182,PDE4DIP,KIF7
1183,PDE4DIP,KLHL7
1184,PDE4DIP,KTN1
1185,PDE4DIP,LETM1
1186,PDE4DIP,LMNB1
1187,PDE4DIP,LMNB2
1188,PDE4DIP,MACF1
1189,PDE4DIP,MAD1L1
1190,PDE4DIP,MAP4K4
1191,PDE4DIP,MDK
1192,PDE4DIP,MSN
1193,PDE4DIP,NAV1
1194,PDE4DIP,NF1
1195,PDE4DIP,PARD3
1196,PDE4DIP,PCM1
1197,PDE4DIP,PGAM5
1198,PDE4DIP,PHLDB2
1199,PDE4DIP,PPP6C
1200,PDE4DIP,PRKAR2A
1201,PDE4DIP,PRKAR2B
1202,PDE4DIP,PRKCI
1203,PDE4DIP,RABEP1
1204,PDE4DIP,RABEP2
1205,PDE4DIP,RACGAP1
1206,PDE4DIP,RAI1
1207,PDE4DIP,RANBP9
1208,PDE4DIP,RDX
1209,PDE4DIP,ROCK1
1210,PDE4DIP,SCRIB
1211,PDE4DIP,SEC23IP
1212,PDE4DIP,SOGA1
1213,PDE4DIP,SOGA3
1214,PDE4DIP,SORBS2
1215,PDE4DIP,STOML2
1216,PDE4DIP,STOX2
1217,PDE4DIP,SYNE2
1218,PDE4DIP,TNIK
1219,PDE4DIP,TP53BP1
1220,PDE4DIP,TP53BP2
1221,PDE4DIP,TRIM28
1222,PDE4DIP,TRIOBP
1223,PDE4DIP,TRIP11
1224,PDE4DIP,TXLNA
1225,PDE4DIP,UBA1
1226,PDE4DIP,UBAP2L
1227,PDE4DIP,UBR4
1228,PDE4DIP,VIM
1229,PDE4DIP,WDR26
1230,PDE4DIP,WDR47
1231,PDE4DIP,XRCC6
1232,PDE4DIP,ZBTB22
1233,PDE4DIP,ZEB1
1234,PDE4DIP,ZNF516
1235,PEX5L,ADD1
1236,PEX5L,AGO1
1237,PEX5L,AGO2
1238,PEX5L,AGO3
1239,PEX5L,ANK2
1240,PEX5L,AP2A1
1241,PEX5L,AP2A2
1242,PEX5L,AP2B1
1243,PEX5L,ARHGEF2
1244,PEX5L,CAMK2A
1245,PEX5L,CASKIN1
1246,PEX5L,CDH11
1247,PEX5L,CDH2
1248,PEX5L,CTNNA1
1249,PEX5L,CTNNA2
1250,PEX5L,CTNNB1
1251,PEX5L,CTNND2
1252,PEX5L,CYFIP2
1253,PEX5L,DBN1
1254,PEX5L,GABBR2
1255,PEX5L,GIT1
1256,PEX5L,HCN1
1257,PEX5L,HCN2
1258,PEX5L,HCN3
1259,PEX5L,HCN4
1260,PEX5L,ICAM5
1261,PEX5L,KCTD16
1262,PEX5L,MYH9
1263,PEX5L,MYO5A
1264,PEX5L,NCAN
1265,PEX5L,NCKAP1
1266,PEX5L,PARD3
1267,PEX5L,PEX5
1268,PEX5L,PPP1R3F
1269,PEX5L,SKT
1270,PEX5L,SLC12A5
1271,PEX5L,SLC4A4
1272,PEX5L,SPTAN1
1273,PEX5L,SPTBN1
1274,PEX5L,TANC2
1275,PEX5L,TNR
1276,PEX5L,UNC13A
1277,PEX5L,WDR7
1278,SYNGAP1,ABLIM1
1279,SYNGAP1,ADAM22
1280,SYNGAP1,ADAM9
1281,SYNGAP1,AGAP2
1282,SYNGAP1,ANK2
1283,SYNGAP1,ANKS1B
1284,SYNGAP1,ARF3
1285,SYNGAP1,ARF5
1286,SYNGAP1,BAI2
1287,SYNGAP1,BAIAP2
1288,SYNGAP1,BASP1
1289,SYNGAP1,BEGAIN
1290,SYNGAP1,BTBD9
1291,SYNGAP1,CACNB2
1292,SYNGAP1,CACNG2
1293,SYNGAP1,CAMK2A
1294,SYNGAP1,CAMK2B
1295,SYNGAP1,CNRIP1
1296,SYNGAP1,CNTNAP1
1297,SYNGAP1,CUL3
1298,SYNGAP1,DDN
1299,SYNGAP1,DGKZ
1300,SYNGAP1,DLG1
1301,SYNGAP1,DLG2
1302,SYNGAP1,DLG3
1303,SYNGAP1,DLG4
1304,SYNGAP1,DLGAP1
1305,SYNGAP1,DLGAP2
1306,SYNGAP1,DLGAP3
1307,SYNGAP1,DLGAP4
1308,SYNGAP1,DMXL2
1309,SYNGAP1,DPYSL2
1310,SYNGAP1,DYNC1H1
1311,SYNGAP1,EPB41L2
1312,SYNGAP1,FAM81A
1313,SYNGAP1,FBXO2
1314,SYNGAP1,GDA
1315,SYNGAP1,GLUL
1316,SYNGAP1,GNAO1
1317,SYNGAP1,GRIA1
1318,SYNGAP1,GRIA2
1319,SYNGAP1,GRIA3
1320,SYNGAP1,GRIN1
1321,SYNGAP1,GRIN2A
1322,SYNGAP1,GRIN2B
1323,SYNGAP1,GRIN2D
1324,SYNGAP1,HOMER1
1325,SYNGAP1,IQSEC1
1326,SYNGAP1,IQSEC2
1327,SYNGAP1,KALRN
1328,SYNGAP1,KCNA4
1329,SYNGAP1,KCNAB2
1330,SYNGAP1,KCNJ10
1331,SYNGAP1,LRRC7
1332,SYNGAP1,MYO5A
1333,SYNGAP1,PLCL1
1334,SYNGAP1,PRAF2
1335,SYNGAP1,PRKCE
1336,SYNGAP1,PRKCG
1337,SYNGAP1,PURA
1338,SYNGAP1,RAB10
1339,SYNGAP1,RAB2A
1340,SYNGAP1,RAB3A
1341,SYNGAP1,RAB3C
1342,SYNGAP1,SHANK1
1343,SYNGAP1,SHANK2
1344,SYNGAP1,SHANK3
1345,SYNGAP1,SLC1A3
1346,SYNGAP1,SPTBN1
1347,SYNGAP1,SPTBN2
1348,SYNGAP1,SYN1
1349,SYNGAP1,SYNJ1
1350,SYNGAP1,UBR5
1351,SYNGAP1,YWHAE
1352,SYNGAP1,YWHAG
1353,SYNGAP1,YWHAH
1354,SYNGAP1,YWHAZ
1355,TNIK,ABI1
1356,TNIK,ABI2
1357,TNIK,AGAP2
1358,TNIK,AKAP9
1359,TNIK,ARHGAP32
1360,TNIK,ARHGAP39
1361,TNIK,ARHGEF2
1362,TNIK,BCR
1363,TNIK,BIN1
1364,TNIK,CALCOCO1
1365,TNIK,CAMK2A
1366,TNIK,CAMK2B
1367,TNIK,CAMK2D
1368,TNIK,CAMK2G
1369,TNIK,CAMKV
1370,TNIK,CAP2
1371,TNIK,CASK
1372,TNIK,CDH10
1373,TNIK,CDH2
1374,TNIK,CEP170
1375,TNIK,CEP170B
1376,TNIK,CNKSR2
1377,TNIK,CNP
1378,TNIK,CTNNA2
1379,TNIK,CTNNB1
1380,TNIK,CTNND1
1381,TNIK,CTNND2
1382,TNIK,CTTNBP2
1383,TNIK,CYFIP1
1384,TNIK,CYFIP2
1385,TNIK,DCLK1
1386,TNIK,DGKI
1387,TNIK,DLG1
1388,TNIK,DLG3
1389,TNIK,DNM1
1390,TNIK,DPYSL2
1391,TNIK,DSTN
1392,TNIK,ERC2
1393,TNIK,FKBP15
1394,TNIK,GELSOLIN
1395,TNIK,GIT1
1396,TNIK,GLUL
1397,TNIK,HCN1
1398,TNIK,HUWE1
1399,TNIK,INA
1400,TNIK,IQSEC1
1401,TNIK,KIF2A
1402,TNIK,KIF2C
1403,TNIK,LRRC7
1404,TNIK,MAPK1
1405,TNIK,MOB4
1406,TNIK,MTSS1L
1407,TNIK,NCKAP1
1408,TNIK,NOS1
1409,TNIK,NSF
1410,TNIK,PAK7
1411,TNIK,PCDH8
1412,TNIK,PDE4DIP
1413,TNIK,PEX5L
1414,TNIK,PLEKHA5
1415,TNIK,PPP2CB
1416,TNIK,PPP2R1A
1417,TNIK,PPP2R5D
1418,TNIK,PRKACA
1419,TNIK,PRKACB
1420,TNIK,PRKAR2B
1421,TNIK,PRKCB
1422,TNIK,PRKCG
1423,TNIK,PTPRD
1424,TNIK,PTPRS
1425,TNIK,PURA
1426,TNIK,RANBP9
1427,TNIK,RAPGEF4
1428,TNIK,RIMBP2
1429,TNIK,RIMS1
1430,TNIK,SH3KBP1
1431,TNIK,SKT
1432,TNIK,SOGA3
1433,TNIK,SPTAN1
1434,TNIK,SPTBN1
1435,TNIK,SPTBN2
1436,TNIK,STRN
1437,TNIK,STRN3
1438,TNIK,STRN4
1439,TNIK,TANC2
1440,TNIK,TAOK2
1441,TNIK,TNR
1442,TNIK,TP53BP1
1443,TNIK,TPR
1444,TNIK,TRIM28
1445,TNIK,TRIM3
1446,TNIK,TRIM46
1447,TNIK,USP9X
1448,TNIK,WASF1
1449,TNIK,ZSCAN18
1450,TNIK,ABLIM1
1451,TNIK,AKAP9
1452,TNIK,ANK2
1453,TNIK,ANK3
1454,TNIK,AP2A1
1455,TNIK,AP2A2
1456,TNIK,AP2B1
1457,TNIK,ARC
1458,TNIK,BAIAP2
1459,TNIK,CACNA1A
1460,TNIK,CACNA1E
1461,TNIK,CACNA2D1
1462,TNIK,CACNB1
1463,TNIK,CACNB4
1464,TNIK,CAMK2A
1465,TNIK,CAMK2B
1466,TNIK,CASK
1467,TNIK,CIT
1468,TNIK,CLASP1
1469,TNIK,CLU
1470,TNIK,CNKSR2
1471,TNIK,CTNNA2
1472,TNIK,CTNNB1
1473,TNIK,CYFIP2
1474,TNIK,DGKI
1475,TNIK,DLG1
1476,TNIK,DLG2
1477,TNIK,DLG4
1478,TNIK,DLGAP1
1479,TNIK,DST
1480,TNIK,DZANK1
1481,TNIK,FMR1
1482,TNIK,GRIA1
1483,TNIK,GRIA2
1484,TNIK,GRIA3
1485,TNIK,GRIK2
1486,TNIK,GRIN1
1487,TNIK,GRIN2A
1488,TNIK,GRIN2B
1489,TNIK,GRM5
1490,TNIK,HOMER1
1491,TNIK,INA
1492,TNIK,IQSEC2
1493,TNIK,IQSEC3
1494,TNIK,KALRN
1495,TNIK,KCNMA1
1496,TNIK,LRRC7
1497,TNIK,LZTS1
1498,TNIK,LZTS3
1499,TNIK,MACF1
1500,TNIK,MAGI2
1501,TNIK,MPP5
1502,TNIK,MYCBP2
1503,TNIK,NBEA
1504,TNIK,NEDD4
1505,TNIK,NEDD4L
1506,TNIK,NGEF
1507,TNIK,NLGN2
1508,TNIK,PPP1CA
1509,TNIK,PPP1CC
1510,TNIK,PRKAR1B
1511,TNIK,PRKAR2B
1512,TNIK,PRKCB
1513,TNIK,PRKCG
1514,TNIK,RAC1
1515,TNIK,RAPGEF4
1516,TNIK,RIMS1
1517,TNIK,SEPT3
1518,TNIK,SHANK1
1519,TNIK,SHANK2
1520,TNIK,SHANK3
1521,TNIK,SHISA7
1522,TNIK,SIPA1L1
1523,TNIK,SNAP91
1524,TNIK,SORBS2
1525,TNIK,SPTBN1
1526,TNIK,SYNE1
1527,TNIK,SYNGAP1
1528,TNIK,TANC2
1529,TNIK,TJP1
1530,TNIK,UNC13A
1531,TNIK,ACTR1A
1532,TNIK,ADNP
1533,TNIK,AGRN
1534,TNIK,AKAP9
1535,TNIK,APC
1536,TNIK,ARHGAP21
1537,TNIK,ARHGEF2
1538,TNIK,BCL11B
1539,TNIK,BRD7
1540,TNIK,CABIN1
1541,TNIK,CAD
1542,TNIK,CALCOCO1
1543,TNIK,CAMK2D
1544,TNIK,CAPRIN1
1545,TNIK,CARM1
1546,TNIK,CASK
1547,TNIK,CCAR2
1548,TNIK,CDC5L
1549,TNIK,CDC73
1550,TNIK,CDH2
1551,TNIK,CENPF
1552,TNIK,CEP170
1553,TNIK,CHD8
1554,TNIK,CTBP1
1555,TNIK,CTBP2
1556,TNIK,CTNNA2
1557,TNIK,CTNNB1
1558,TNIK,CYFIP2
1559,TNIK,DCHS1
1560,TNIK,DCX
1561,TNIK,DDX3X
1562,TNIK,DLG1
1563,TNIK,DOCK11
1564,TNIK,DOCK7
1565,TNIK,DYNC1H1
1566,TNIK,EDC4
1567,TNIK,EFTUD2
1568,TNIK,EHMT1
1569,TNIK,EHMT2
1570,TNIK,EPM2AIP1
1571,TNIK,ERC2
1572,TNIK,EWSR1
1573,TNIK,FBXO45
1574,TNIK,FKBP15
1575,TNIK,FMR1
1576,TNIK,FOXP2
1577,TNIK,FXR1
1578,TNIK,FXR2
1579,TNIK,G3BP1
1580,TNIK,GATAD2B
1581,TNIK,GIT1
1582,TNIK,GSK3B
1583,TNIK,GTPBP4
1584,TNIK,HDAC2
1585,TNIK,HERC2
1586,TNIK,HIRA
1587,TNIK,HOMER3
1588,TNIK,IQSEC1
1589,TNIK,KCTD9
1590,TNIK,KDM1A
1591,TNIK,KIF2A
1592,TNIK,KIF5A
1593,TNIK,KIF5B
1594,TNIK,KIF5C
1595,TNIK,KIF7
1596,TNIK,LMNB1
1597,TNIK,LMNB2
1598,TNIK,LSG1
1599,TNIK,MAGED2
1600,TNIK,MAP4K4
1601,TNIK,MATR3
1602,TNIK,MGA
1603,TNIK,MSANTD2
1604,TNIK,MYCBP2
1605,TNIK,MYO5A
1606,TNIK,NAT10
1607,TNIK,NCKAP1
1608,TNIK,NCOR2
1609,TNIK,NEDD4
1610,TNIK,NES
1611,TNIK,NEURL4
1612,TNIK,NOP56
1613,TNIK,PAF1
1614,TNIK,PAK7
1615,TNIK,PCDH8
1616,TNIK,PCM1
1617,TNIK,PDE4DIP
1618,TNIK,PPP2R1A
1619,TNIK,PPP3CB
1620,TNIK,PRKAR2A
1621,TNIK,PRKAR2B
1622,TNIK,PRRC2B
1623,TNIK,PTPRS
1624,TNIK,RANBP9
1625,TNIK,RAPGEF4
1626,TNIK,RCOR1
1627,TNIK,RCOR2
1628,TNIK,SART1
1629,TNIK,SEC23A
1630,TNIK,SEC24C
1631,TNIK,SH3GL2
1632,TNIK,SH3KBP1
1633,TNIK,SHANK2
1634,TNIK,SMARCC2
1635,TNIK,SOGA3
1636,TNIK,SRGAP3
1637,TNIK,STRIP1
1638,TNIK,STRN3
1639,TNIK,STRN4
1640,TNIK,SUPT16H
1641,TNIK,SYNE2
1642,TNIK,TAF5
1643,TNIK,TANC2
1644,TNIK,TBL1XR1
1645,TNIK,TDRD3
1646,TNIK,THRAP3
1647,TNIK,TLK2
1648,TNIK,TP53BP1
1649,TNIK,TPR
1650,TNIK,TRIM28
1651,TNIK,TRIO
1652,TNIK,UBN2
1653,TNIK,USP10
1654,TNIK,WIZ
1655,TNIK,ZC3H4
1656,TNIK,ZEB2
1657,TNIK,ZFP219
1658,TNIK,ZFP462
1659,TNIK,ZIC2
1660,TNIK,ZMYM2
1661,TSC1,CAMK2A
1662,TSC1,CDK5
1663,TSC1,CNRIP1
1664,TSC1,CTNNB1
1665,TSC1,CUL3
1666,TSC1,CYFIP2
1667,TSC1,DNAJA1
1668,TSC1,DNAJA2
1669,TSC1,DNAJA4
1670,TSC1,FAM49B
1671,TSC1,FBXO41
1672,TSC1,GNB2L1
1673,TSC1,HRAS1
1674,TSC1,KRAS
1675,TSC1,LGI1
1676,TSC1,PRKCB
1677,TSC1,PRKCG
1678,TSC1,PURA
1679,TSC1,RAB14
1680,TSC1,RAB7A
1681,TSC1,RAC1
1682,TSC1,RAN
1683,TSC1,RAP2B
1684,TSC1,RASAL1
1685,TSC1,SEC23A
1686,TSC1,TBC1D7
1687,TSC1,TNIK
1688,TSC1,TNR
1689,TSC1,TRIM3
1690,TSC1,TSC2
1691,TSC1,WASF1
1692,TSC1,YWHAZ
1693,TSC1,ABI1
1694,TSC1,APPL1
1695,TSC1,ARHGAP32
1696,TSC1,ARHGEF2
1697,TSC1,CAMK2A
1698,TSC1,CAMK2B
1699,TSC1,CAMK2D
1700,TSC1,CAMK2G
1701,TSC1,CDK5
1702,TSC1,CTNNB1
1703,TSC1,CUL3
1704,TSC1,CYFIP1
1705,TSC1,CYFIP2
1706,TSC1,DLG4
1707,TSC1,MINK1
1708,TSC1,NCKAP1
1709,TSC1,PPP3CA
1710,TSC1,PRKCB
1711,TSC1,PRKCG
1712,TSC1,SHANK3
1713,TSC1,SYNGAP1
1714,TSC1,TNIK
1715,TSC1,AMPD2
1716,TSC1,ARHGAP32
1717,TSC1,CAD
1718,TSC1,CCT3
1719,TSC1,CCT8
1720,TSC1,CELSR2
1721,TSC1,CLASP1
1722,TSC1,CTNNB1
1723,TSC1,DCX
1724,TSC1,DNAJA1
1725,TSC1,DNAJA2
1726,TSC1,DOCK7
1727,TSC1,DYRK1A
1728,TSC1,EEF2
1729,TSC1,EIF4A2
1730,TSC1,EPHA4
1731,TSC1,FAM115A
1732,TSC1,FMR1
1733,TSC1,FOXG1
1734,TSC1,FXR1
1735,TSC1,FXR2
1736,TSC1,HSP90AA1
1737,TSC1,HSP90AB1
1738,TSC1,HSPA8
1739,TSC1,IGF2R
1740,TSC1,KDM1A
1741,TSC1,KIF5C
1742,TSC1,LAMTOR1
1743,TSC1,MAGED1
1744,TSC1,MAGED2
1745,TSC1,MATR3
1746,TSC1,NCAN
1747,TSC1,NCKAP1
1748,TSC1,NEDD4
1749,TSC1,NISCH
1750,TSC1,PAK7
1751,TSC1,PPP2CB
1752,TSC1,PTPRS
1753,TSC1,QSER1
1754,TSC1,RPTOR
1755,TSC1,SCRIB
1756,TSC1,SESTD1
1757,TSC1,SFPQ
1758,TSC1,SMC2
1759,TSC1,SOGA3
1760,TSC1,TBC1D7
1761,TSC1,TDRD3
1762,TSC1,TENM2
1763,TSC1,TMED10
1764,TSC1,TMED9
1765,TSC1,TNKS
1766,TSC1,TNR
1767,TSC1,TP53BP1
1768,TSC1,TRIM28
1769,TSC1,TSC2
1770,TSC1,TTC3
1771,TSC1,USP9X
1772,TSC1,WNK2
1773,TSC1,WNK3
1774,TSC1,YWHAQ
1775,TSC1,YWHAZ
